{
  "Accuracy Mean": 0.9277407407407408,
  "F1 Score Mean": 0.9027848698502872,
  "Precision Mean": 0.9407059230364858,
  "Recall Mean": 0.892148148148148,
  "FPR Mean": 0.0366666666666666,
  "TPR Mean": 0.892148148148148,
  "Query Time Mean": 0.00029143851066050746
}